filename	Name in catalogue	Original title	Transliterated title	Type	year	collector	place	performer	archive reference	original metadata	Number of voices	Performer gender or age	audio recording	additional remarks	filename_new
Vinnytsia_001_children_Oi khodyv Son kolo vikon (ДС-КД-01)_singl.xml	ДС-КД-01	Оі ходив Сон коло вікон 	Oi khodyv Son kolo vikon 	children	2008	Матіяш Д., Кушка Т.	с. Павлівка Калинівського р-ну Вінницької обл. 	-	"Розшифр. 
Єфремова Л. О., № 17 (190)."	"Зап. 24.05 2008 р. Матіяш Д., Кушка Т. у с. Павлівка Калинівського р-ну Вінницької обл. Розшифр. 
Єфремова Л. О., № 17 (190)."	singl				Vinnytsia_001_Oi khodyv Son kolo vikon
Vinnytsia_002_children_Oi khodyt Son kolo vikon (ДС-КД-01)_singl.xml	ДС-КД-01	Оі ходит Сон коло вікон 	Oi khodyt Son kolo vikon 	children	2007	Кушка Т. Я., Матіяш Д. В.	"с. Устя Бершадського р-ну Вінницької обл.
"	-	Розшифр. Єфремова Л. О. № 65 (445).	"Зап. у лютому 2007 р. Кушка Т. Я., Матіяш Д. В. у с. Устя Бершадського р-ну Вінницької обл.
Розшифр. Єфремова Л. О. № 65 (445)."	singl				Vinnytsia_002_Oi khodyt Son kolo vikon
Vinnytsia_003_children_Oi khodyt Son kolo vikon (ДС-КД-01)_singl.xml	ДС-КД-01	Оі ходит Сон коло вікон 	Oi khodyt Son kolo vikon 	children	-	Матіяш Д., Кушка Т.	с. Стіна Томашпільського р-ну Вінницької обл. 	-	Розшифр. Єфремова Л. О., № 13 (257).	"Зап. Матіяш Д., Кушка Т. у с. Стіна Томашпільського р-ну Вінницької обл. Розшифр. Єфремова 
Л. О., № 13 (257)."	singl				Vinnytsia_003_Oi khodyt Son kolo vikon
Vinnytsia_004_children_Oi khodyt Son kolo vikon (ДС-КД-01+КЗ-02)_singl.xml	ДС-КД-01+КЗ-02	Оі ходит Сон коло вікон 	Oi khodyt Son kolo vikon 	children	-	Гарбулінська Тетяна	с. Стіна Томашпільського р-ну Вінницької обл. 	Гідрович Марія Христофорівна	З фондів Вінницького ОЦНТ. Розшифр. Єфремова Л. О., № 1 (4).	"Зап. Гарбулінська Т. Є. у с. Стіна Томашпільського р-ну Вінницької обл. від Гідрович Марії Хри-
стофорівни. З фондів Вінницького ОЦНТ. Розшифр. Єфремова Л. О., № 1 (4)."	singl	woman			Vinnytsia_004_Oi khodyt Son kolo vikon
Vinnytsia_005_children_A-a, a-a, liuli (ДС-КД-01+КЗ-02)_singl.xml	ДС-КД-01+КЗ-02	А-а, а-а, ліулі 	A-a, a-a, liuli 	children	2008	Матіяш Д., Кушка Т.	"с. Павлівка Калинівського р-ну Вінницької обл. 
"	-	Розшифр. Єфремова Л. О., № 17 (192).	"Зап. 24.05 2008 р. Матіяш Д., Кушка Т. у с. Павлівка Калинівського р-ну Вінницької обл. 
Розшифр. Єфремова Л. О., № 17 (192)."	singl				Vinnytsia_005_A-a, a-a, liuli
Vinnytsia_006_children_Oi nu, liuli, liuli (ДС-КД-05)_singl.xml	ДС-КД-05	Оі ну, ліулі, ліулі 	Oi nu, liuli, liuli 	children	2008	Матіяш Д., Кушка Т.	"с. Павлівка Калинів-
ського р-ну Вінницької обл. "	-	"Розшифр. Єфремова Л. О., № 17 
(193)."	"Зап. 24.05 2008 р. Матіяш Д., Кушка Т. у с. Павлівка Калинів-
ського р-ну Вінницької обл. Розшифр. Єфремова Л. О., № 17 
(193)."	singl				Vinnytsia_006_Oi nu, liuli, liuli
Vinnytsia_007_children_Kotyku sirenkii (ДС-КД-07)_singl.xml	ДС-КД-07	Котику сіренкіі 	Kotyku sirenkii 	children	2008	Матіяш Д., Кушка Т.	с. Павлівка Калинівського р-ну Вінницької обл. 	Гунько Валентина Михайлівна 	Розшифр. Єфремова Л. О., № 17 (191).	"Зап. 24.05 2008 р. Матіяш Д., Кушка Т. у с. Павлівка Калинівського р-ну Вінницької обл. від Гунь-
ко Валентини Михайлівни. Розшифр. Єфремова Л. О., № 17 (191)."	singl	woman			Vinnytsia_007_Kotyku sirenkii
Vinnytsia_008_children_Kotyku sirenkyi (ДС-КД-07)_singl.xml	ДС-КД-07	Котику сіренкї 	Kotyku sirenkyi 	children	2007	Кушка Т. Я., Матіяш Д. В.	с. Устя Бершадського р-ну Вінницької обл. 	-	Розшифр. Єфремова Л. О. № 67 (447).	"Зап. у лютому 2007 р. Кушка Т. Я., Матіяш Д. В. у с. Устя Бершадського р-ну Вінницької обл. Роз-
шифр. Єфремова Л. О. № 67 (447)."	singl				Vinnytsia_008_Kotyku sirenkyi
Vinnytsia_009_children_A-a, kotochok (ДС-КД-13а)_singl.xml	ДС-КД-13а	А-а, коточок 	A-a, kotochok 	children	2007	Кушка Т. Я., Матіяш Д. В.	с. Устя Бершадського р-ну Вінницької обл. 	-	Розшифр. Єфремова Л. О. № 29 (409).	"Зап. у лютому 2007 р. Кушка Т. Я., Матіяш Д. В. у с. Устя Бершадського р-ну Вінницької обл. Роз-
шифр. Єфремова Л. О. № 29 (409)."	singl				Vinnytsia_009_A-a, kotochok
Vinnytsia_010_children_Kotu, kotu, kotku (ДС-КД-15)_singl.xml	ДС-КД-15	Коту, коту, котку 	Kotu, kotu, kotku 	children	2007	Кушка Т. Я., Матіяш Д. В.	"с. Гущинці Калинівського 
р-ну Вінницької обл. "	-	Розшифр. Єфремова Л. О. № 22 (635). 	"Зап. 2007 р. Кушка Т. Я., Матіяш Д. В. у с. Гущинці Калинівського 
р-ну Вінницької обл. Розшифр. Єфремова Л. О. № 22 (635). "	singl				Vinnytsia_010_Kotu, kotu, kotku
Vinnytsia_011_children_Upav kit iz vorit (ДС-КС)_singl.xml	ДС-КС	Упав кіт із воріт 	Upav kit iz vorit 	children	2007	Кушка Т. Я., Матіяш Д. В.	с. Устя Бершадського р-ну Вінницької обл. 	-	Розшифр. Єфремова Л. О. № 64 (444).	"Зап. у лютому 2007 р. Кушка Т. Я., Матіяш Д. В. у с. Устя Бершадського р-ну Вінницької обл. Роз-
шифр. Єфремова Л. О. № 64 (444)."	singl				Vinnytsia_011_Upav kit iz vorit
Vinnytsia_012_children_Koty dva, koty dva (ДС-КС-16)_singl.xml	ДС-КС-16	Коти два, коти два 	Koty dva, koty dva 	children	2007	Кушка Т. Я., Матіяш Д. В.	с. Гущинці Калинівського р-ну Вінницької обл. 	-	Розшифр. Єфремова Л. О. № 21 (634). 	"Зап. 2007 р. Кушка Т. Я., Матіяш Д. В. у с. Гущинці Калинівського р-ну Вінницької обл. Розшифр. 
Розшифр. Єфремова Л. О. № 21 (634). "	singl				Vinnytsia_012_Koty dva, koty dva
Vinnytsia_013_children_Liuli, liuli, liulechki (ДС-КС-16)_singl.xml	ДС-КС-16	Ліулі, ліулі, ліулечкі 	Liuli, liuli, liulechki 	children	1998	Бідюк Л. М.	"с. Сиваківці  Липове-
цького р-ну Вінницької обл. "	-	"Касета № 12. Розшифр. 
Єфремова Л. О., № 14 (325)"	"Зап. у жовтні 1998 р. Бідюк Л. М. у с. Сиваківці  Липове-
цького р-ну Вінницької обл. Касета № 12. Розшифр. 
Єфремова Л. О., № 14 (325)"	singl		Касета № 12		Vinnytsia_013_Liuli, liuli, liulechki
Vinnytsia_014_children_A-a, a-a, dytyna (ДС-КС-01)_singl.xml	ДС-КС-01	А-а, а-а, дитина 	A-a, a-a, dytyna 	children	1994	Коропніченко Г., Тищенко О.	"с. Сиваківці Липовецького р-ну Вінницької обл. 
"	Римар Катерина Федорівна, 1939 р. н. 	"Традиційна музична культура України. Колискові. № 
19. Розшифр. Єфремова Л. О."	"Зап. 1.05 1994 р. Коропніченко Г., Тищенко О. у с. Сиваківці Липовецького р-ну Вінницької обл. 
від Римар Катерини Федорівни, 1939 р. н. – Традиційна музична культура України. Колискові. № 
19. Розшифр. Єфремова Л. О."	singl	woman			Vinnytsia_014_A-a, a-a, dytyna
Vinnytsia_015_children_Oi nu, dytia, spaty (ДС-КС)_singl.xml	ДС-КС	Оі ну, дитіа, спати 	Oi nu, dytia, spaty 	children	2008	Матіяш Д., Кушка Т.	с. Павлівка Калинівського р-ну Вінницької обл. 	-	"Розшифр. 
Єфремова Л. О., № 17 (189)."	"Зап. 24.05 2008 р. Матіяш Д., Кушка Т. у с. Павлівка Калинівського р-ну Вінницької обл. Розшифр. 
Єфремова Л. О., № 17 (189)."	singl				Vinnytsia_015_Oi nu, dytia, spaty
Vinnytsia_016_children_Liuli, liuli (ДС-КЗ-08)_singl.xml	ДС-КЗ-08	Ліулі, ліулі 	Liuli, liuli 	children	2007	Кушка Т. Я., Матіяш Д. В.	"с. Устя Бершадського р-ну Вінницької обл.
"	-	Розшифр. Єфремова Л. О. № 66 (446).	"Зап. у лютому 2007 р. Кушка Т. Я., Матіяш Д. В. у с. Устя Бершадського р-ну Вінницької обл.
Розшифр. Єфремова Л. О. № 66 (446)."	singl				Vinnytsia_016_Liuli, liuli
Vinnytsia_017_children_Ladky-ladusi (ДС-ЗІ-01)_singl.xml	ДС-ЗІ-01	Ладки-ладусі 	Ladky-ladusi 	children	1976	Експедиція ІМФЕ (Омельченко Андрiй, Рубай Галина, Довженок Галина)	"с. Слобода-Яришівська 
Могилів-Подільського р-ну Вінницької обл. "	Руденко М. А. 	"ІМФЕ, ф. 14-5, од. зб. 441 (І), арк. 
49, фонозапис ф. 14-10, од. зб. 1386. Нотація Єфремової Л. О. "	"Зап. 1976 р. експ. ІМФЕ (Омельченко А. Ф., Рубай Г. Т., Довженок Г. В.) у с. Слобода-Яришівська 
Могилів-Подільського р-ну Вінницької обл. від Руденко М. А. – ІМФЕ, ф. 14-5, од. зб. 441 (І), арк. 
49, фонозапис ф. 14-10, од. зб. 1386. Нотація Єфремової Л. О. "	singl		фонозапис ф. 14-10, од. зб. 1386		Vinnytsia_017_Ladky-ladusi
Vinnytsia_018_children_Idy, idy, doshchiku (ДД-ЗД-01)_singl.xml	ДД-ЗД-01	Іди, іди, дошчіку 	Idy, idy, doshchiku 	children	2015	Єфремова Людмила	с. Носківці Жмеринського р-ну Вінницької обл.	Надія ?		"Зап. 5 вересня 2015 р. Єфремова Л. О. у м. Києві на ринку від Надії, прізвище назвати відмови-
лась, з с. Носківці Жмеринського р-ну Вінницької обл.  "	singl	woman		Записано від жінки Надії у Києві на ринку	Vinnytsia_018_Idy, idy, doshchiku
Vinnytsia_019_children_Bila kvochka chubarochka (ДД)_singl.xml	ДД	Біла квочка чубарочка 	Bila kvochka chubarochka 	children	1976	Експедиція ІМФЕ (Омельченко Андрiй, Рубай Галина, Довженок Галина)	"с. Дмитренки Гайсин-
ського р-ну Вінницької обл. "	Колесниченко Г. І., 1906 р. н. 	"ІМФЕ, ф. 14-5, од. зб. 441 (І), арк. 
17, фонозапис ф. 14-10, од. зб. 1385. Нотація Єфремової Л. О. "	"Зап. 1976 р. експ. ІМФЕ (Омельченко А. Ф., Рубай Г. Т., Довженок Г. В.) у с. Дмитренки Гайсин-
ського р-ну Вінницької обл. від Колесниченко Г. І., 1906 р. н. – ІМФЕ, ф. 14-5, од. зб. 441 (І), арк. 
17, фонозапис ф. 14-10, од. зб. 1385. Нотація Єфремової Л. О. "	singl		фонозапис ф. 14-10, од. зб. 1386		Vinnytsia_019_Bila kvochka chubarochka
Vinnytsia_020_children_Koliad, koliad, koliadnytsia (ДД-КЩ-01)_singl.xml	ДД-КЩ-01	Коліад, коліад, коліадниціа 	Koliad, koliad, koliadnytsia 	children	1998	Бідюк Л. М.	"с. Сиваківці  Липовецького р-ну 
Вінницької обл. "	гурт	"Розшифр. Єфремова Л. О., № 4 
(270). "	"Зап. 1998 р. Бідюк Л. М. у с. Сиваківці  Липовецького р-ну 
Вінницької обл. від гурту. Розшифр. Єфремова Л. О., № 4 
(270). "	singl	group of singer			Vinnytsia_020_Koliad, koliad, koliadnytsia
Vinnytsia_021_children_Koliad, koliad, koliadnytsia (ДД-КЩ-01)_singl.xml	ДД-КЩ-01	Коліад, коліад, коліадниціа 	Koliad, koliad, koliadnytsia 	children	2007	Кушка Т. Я.	"с. Забужжя Немирівсько-
го р-ну Вінницької обл. "	"Бусько Валентина Лук’янівна, 
1926 р. н. . "	Розшифр. Єфремова Л. О. № 48 (585). 	"Зап. у лютому 2007 р. Кушка Т. Я. у с. Забужжя Немирівсько-
го р-ну Вінницької обл. від Бусько Валентини Лук’янівни, 
1926 р. н. . Розшифр. Єфремова Л. О. № 48 (585). Співали, 
як були дівчатка."	singl	woman		"Співали, 
як були дівчатка"	Vinnytsia_021_Koliad, koliad, koliadnytsia
Vinnytsia_022_children_Bihla telychka (ДД-ЩК-02)_singl.xml	ДД-ЩК-02	Бігла теличка 	Bihla telychka 	children	1928	Середович М.	"с. Медвідка Вінниць-
кого р-ну Вінницької обл. "	-	"ІМФЕ. ф. 6-4, од. зб. 
160, арк. 7, № 11."	"Зап. 1928 р. Середович М. у с. Медвідка Вінниць-
кого р-ну Вінницької обл. – ІМФЕ. ф. 6-4, од. зб. 
160, арк. 7, № 11."	singl				Vinnytsia_022_Bihla telychka
Vinnytsia_023_children_Shchedryk, bedryk (ДД-ЩК-08)_singl.xml	ДД-ЩК-08	Шчедрик, бедрик 	Shchedryk, bedryk 	children	1928	Середович М.	с. Медвідка Вінницького р-ну Вінницької обл. 	-	"ІМФЕ. ф. 6-4, од. 
зб. 160, арк. 7, № 11."	"Зап. 13.І 1928 р. Середович М. у с. Медвідка Вінницького р-ну Вінницької обл. – ІМФЕ. ф. 6-4, од. 
зб. 160, арк. 7, № 11."	singl				Vinnytsia_023_Shchedryk, bedryk
Vinnytsia_024_children_Shchadrik-vedrik (ДД-ЩК-08)_singl.xml	ДД-ЩК-08	Шчадрік-ведрік 	Shchadrik-vedrik 	children	2007	Тищенко О., Матіяш Д., Кушка Т., Єпіченко М.	"с. Бірків Літинського р-ну 
Вінницької обл. "	жіночий гурт 	Розшифр. Єфремова Л. О., № 9 (30).	"Зап. у січні 2007 р. Тищенко О., Матіяш Д., Кушка Т., Єпіченко М. у с. Бірків Літинського р-ну 
Вінницької обл. від жіночого гурту. Розшифр. Єфремова Л. О., № 9 (30)."	singl	group of women			Vinnytsia_024_Shchadrik-vedrik
Vinnytsia_025_children_A Sus Khrystos narodyvsia (ДД-ЩК)_heterof.xml	ДД-ЩК	А Сус Христос народивсіа 	A Sus Khrystos narodyvsia 	children	1998	Бідюк Л. М.	с. Сиваківці  Липовецького р-ну Вінницької обл. 	гурт	"Розшифр. 
Єфремова Л. О., № 5 (271). "	"Зап. 1998 р. Бідюк Л. М. у с. Сиваківці  Липовецького р-ну Вінницької обл. від гурту. Розшифр. 
Єфремова Л. О., № 5 (271). "	heterof	group of singer			Vinnytsia_025_A Sus Khrystos narodyvsia
Vinnytsia_026_children_Na dvori bila khmara vietsia (ДД-КЩ-10)_singl.xml	ДД-КЩ-10	На дворі біла хмара віеціа 	Na dvori bila khmara vietsia 	children	2011	Гарбулінська Тетяна	с. Думенки Хмільницького р-ну Вінницької обл. 	"
Ющинська Марія Павлівна, 1937 р. н., Сторожук Анна Романівна, 1933 р. н. "	"З фондів Вінницько-
го ОЦНТ. Розшифр. Єфремова Л. О., № 12 (56)."	"Зап. 24 листопада 2011 р. Гарбулінська Т. Є. у с. Думенки Хмільницького р-ну Вінницької обл. від 
Ющинської Марії Павлівни, 1937 р. н., Сторожук Анни Романівни, 1933 р. н. З фондів Вінницько-
го ОЦНТ. Розшифр. Єфремова Л. О., № 12 (56)."	singl	woman			Vinnytsia_026_Na dvori bila khmara vietsia
Kmeln_baby_001.Oi khodyt Son kolo vikon.xml		Оі ходит Сон коло вікон	Oi khodyt Son kolo vikon	children	1976	Експедиція ІМФЕ (Омельченко Андрiй, Рубай Галина, Довженок Галина)	"с. Ріпинці Кам’я-
нець-Подільського р-ну Хмельницької обл. "	Рек В. О., 1921 р. н. 	"ІМФЕ, ф. 14-5, од. зб. 441(І), 
арк. 206, фонозапис ф. 14-10, од. зб. 1396. Нотація Єфремової Л. О."	"Зап. 1976 р. експедиція ІМФЕ (Омельченко А. Ф., Рубай Г. Т., Довженок Г. В.) у с. Ріпинці Кам’я-
нець-Подільського р-ну Хмельницької обл. від Рек В. О., 1921 р. н. – ІМФЕ, ф. 14-5, од. зб. 441(І), 
арк. 206, фонозапис ф. 14-10, од. зб. 1396. Нотація Єфремової Л. О."		woman	фонозапис ф. 14-10, од. зб. 1396		Kmeln_001_Oi khodyt Son kolo vikon
Kmeln_baby_002. Oi khodyt Son kolo vikon.xml		Оі ходит Сон коло вікон	Oi khodyt Son kolo vikon	children	1928	Харків Володимир	с. Песець Новоушицького р-ну Хмельницької обл. 	"Томашівська А. Г. 
"	ІМФЕ, ф. 6-3, од. зб. 81, арк. 42, № 12 (текст), арк. 43, № 12 (мел.).	"Зап. 1928 р. Харків В. у с. Песець Новоушицького р-ну Хмельницької обл. від Томашівської А. Г. 
– ІМФЕ, ф. 6-3, од. зб. 81, арк. 42, № 12 (текст), арк. 43, № 12 (мел.)."		woman			Kmeln_002_Oi khodyt Son kolo vikon
Kmeln_baby_003. Baiu, bai, baiu, bai.xml		Баіу, баі, баіу, баі	Baiu, bai, baiu, bai	children	-	Дмитренко Микола	с. Яхнівці Волочиського р-ну Хмельницької обл. 	Дрозд Одарка Михайлівна 	Розшифр. Єфремова Л. О.	"Зап. Дмитренко М. К. у с. Яхнівці Волочиського р-ну Хмельницької обл. від Дрозд Одарки Ми-
хайлівни. Розшифр. Єфремова Л. О."		woman			Kmeln_003_Baiu, bai, baiu, bai
Kmeln_baby_004. Liuli, liuli, liuliechky.xml		Ліулі, ліулі, ліуліечки	Liuli, liuli, liuliechky	children	1986	Дмитренко Микола	с. Яхнівці Волочиського р-ну Хмельницької обл. 	Сердечна Надія Михайлівна, 1933 р. н. 	Розшифр. Єфремова Л. О. 	"Зап. 26. 07. 1986 р. Дмитренко М. К. у с. Яхнівці Волочиського р-ну Хмельницької обл. від Сер-
дечної Надії Михайлівни, 1933 р. н. Розшифр. Єфремова Л. О. "		woman			Kmeln_004_Liuli, liuli, liuliechky
Kmeln_baby_005. Liuli, liuli, liulechky.xml		Ліулі, ліулі, ліулечки	Liuli, liuli, liulechky	children	1983	Іваннікова Людмила	с. Губча Старокнстянтинівського р-ну Хмельницької обл. 	Іваннікова Т. В., 1939 р. н. 	ІМФЕ, ф. 14-3, од. зб. 1195, арк. 256, пл. 2. Нотація Єфремової Л. О. 	"Зап. 1983 р. Іваннікова Л. В. у с. Губча Старокнстянтинівського р-ну Хмельницької обл. від Іван-
нікової Т. В., 1939 р. н. – ІМФЕ, ф. 14-3, од. зб. 1195, арк. 256, пл. 2. Нотація Єфремової Л. О. "		woman			Kmeln_005_Liuli, liuli, liulechky
Kmeln_baby_006. Liuli, liuli, liuli.xml		Ліулі, ліулі, ліулі	Liuli, liuli, liuli	children	1986	Іваннікова Людмила	с. Губча Старокостянтинівського р-ну Хмельницької обл. 	Палій В. Д., 1912 р. н. 	ІМФЕ, ф. 14-3, од. зб. 1195, арк. 26, пл. 2. Нотація Єфремової Л. О. 	"Зап. 1986 р. Іваннікова Л. В. у с. Губча Старокостянтинівського р-ну Хмельницької обл. від Палій 
В. Д., 1912 р. н. – ІМФЕ, ф. 14-3, од. зб. 1195, арк. 26, пл. 2. Нотація Єфремової Л. О. "		woman			Kmeln_006_Liuli, liuli, liuli
Kmeln_baby_007. Kit, kit, kotochok.xml		Кіт, кіт, коточок	Kit, kit, kotochok	children	1976	Експедиція ІМФЕ (Омельченко Андрiй, Рубай Галина, Довженок Галина)	"с. Ріпинці Кам’янець-
Подільського р-ну Хмельницької обл. "	Манчур М. З., 1928, р. н. 	"ІМФЕ, ф. 14-5, од. зб. 441 
(ІІ), арк. 204, пл. ф. 14-10, од. зб. 1396. Нотація Єфремової Л. О. "	"Зап. 1976 р. експ. ІМФЕ (Омельченко А. Ф., Рубай Г. Т., Довженок Г. В.) у с. Ріпинці Кам’янець-
Подільського р-ну Хмельницької обл. від Манчур М. З., 1928, р. н. – ІМФЕ, ф. 14-5, од. зб. 441 
(ІІ), арк. 204, пл. ф. 14-10, од. зб. 1396. Нотація Єфремової Л. О. "			пл. ф. 14-10, од. зб. 1396		Kmeln_007_Kit, kit, kotochok
Kmeln_baby_008. A-a, kotkiv dva.xml		А-а, котків два	A-a, kotkiv dva	children	-	Струтинський О. Д.	с. Сенигів Шепетівського р-ну Хмельницької обл. 	Осінська Броніслава Мартинівна 	ІМФЕ, ф. 14-3, од. зб. 860, арк. 207 зв.-208. 	"Зап. Струтинський О. Д. у с. Сенигів Шепетівського р-ну Хмельницької обл. від Осінської Броні-
слави Мартинівни. – ІМФЕ, ф. 14-3, од. зб. 860, арк. 207 зв.-208. "		women			Kmeln_008_A-a, kotkiv dva
Kmeln_baby_009. Pishla kytsia po vodytsiu.xml		Пішла киціа по водиціу	Pishla kytsia po vodytsiu	children	1927	Харків Володимир	с. Гаврилівці Кам’янець-Подільського р-ну Хмельницької обл. 	-	"ІМФЕ, 
ф. 6-3, од. зб. 77, арк. 47 (текст), арк. 50 (мел.)."	"Зап. 1927 р. Харків В. у с. Гаврилівці Кам’янець-Подільського р-ну Хмельницької обл. – ІМФЕ, 
ф. 6-3, од. зб. 77, арк. 47 (текст), арк. 50 (мел.)."					Kmeln_009_Pishla kytsia po vodytsiu
Kmeln_baby_010. Oi spy, dytia, kolyshu tia.xml		Оі спи, дитіа, колишу тіа	Oi spy, dytia, kolyshu tia	children	1976	Експедиція ІМФЕ (Омельченко Андрiй, Рубай Галина, Довженок Галина)	"с. Ріпинці Кам’янець-
Подільського р-ну Хмельницької обл. "	Рек В. О., 1921 р. н. 	"ІМФЕ, ф. 14-5, од. зб. 441(ІІ), арк. 
229, пл. ф. 14-10, од. зб. 1396. Нотація Єфремової Л. О."	"Зап. 1976 р. експ. ІМФЕ (Омельченко А. Ф., Рубай Г. Т., Довженок Г. В.) у с. Ріпинці Кам’янець-
Подільського р-ну Хмельницької обл. від Рек В. О., 1921 р. н. – ІМФЕ, ф. 14-5, од. зб. 441(ІІ), арк. 
229, пл. ф. 14-10, од. зб. 1396. Нотація Єфремової Л. О."			пл. ф. 14-10, од. зб. 1396		Kmeln_010_Oi spy, dytia, kolyshu tia
Kmeln_baby_011. Oi spy, dytia, kolyshu tia.xml		Оі спи, дитіа, колишу тіа	Oi spy, dytia, kolyshu tia	children	1978	Дем’ян Григорій	"с. Студениця Кам’янець-Подільського р-ну Хмельницької обл. 
"	Мазур Ольга Федорівна, 1924 р. н. 	"ІМФЕ, ф. 14-3, од.зб. 973, арк. 57 (текст), арк. 232 (мел.), 
№ 40. Нотація Мишанича М. В."	"Зап. 19 липня 1978 р. Дем’ян Г. В. у с. Студениця Кам’янець-Подільського р-ну Хмельницької обл. 
від Мазур Ольги Федорівни, 1924 р. н. – ІМФЕ, ф. 14-3, од.зб. 973, арк. 57 (текст), арк. 232 (мел.), 
№ 40. Нотація Мишанича М. В."		woman			Kmeln_011_Oi spy, dytia, kolyshu tia
Kmeln_baby_012. Oi spy, dytia, kolyshu tia.xml		Оі спи, дитіа, колишу тіа	Oi spy, dytia, kolyshu tia	children	-	Харків Володимир	с. Княгинин Кам’янець-Подільського р-ну Хмельницької обл. 	-	"ІМФЕ, ф. 6-3, 
од. зб. 77, арк. 130-131 № 78."	"Зап. Харків В. Й. у с. Княгинин Кам’янець-Подільського р-ну Хмельницької обл. – ІМФЕ, ф. 6-3, 
од. зб. 77, арк. 130-131 № 78."		woman			Kmeln_012_Oi spy, dytia, kolyshu tia
Kmeln_baby_013. Kolykhala baba dida.xml		Колихала баба діда	Kolykhala baba dida	children	1983	Іваннікова Людмила	с. Губча Старокостянтинівського р-ну Хмельницької обл. 	"матерь
Іваннікової Т. В., 1939 р. н. "	ІМФЕ, ф. 14-3, од. зб. 1195, арк. 256, пл. 2. Нотація Єфремової Л. О. 	"Зап. 1983 р. Іваннікова Л. В. у с. Губча Старокостянтинівського р-ну Хмельницької обл. від матері 
Іваннікової Т. В., 1939 р. н. – ІМФЕ, ф. 14-3, од. зб. 1195, арк. 256, пл. 2. Нотація Єфремової Л. О. "		woman			Kmeln_013_Kolykhala baba dida
Kmeln_baby_014. Liuliu, liuliu, liuliu.xml		Ліуліу, ліуліу, ліуліу	Liuliu, liuliu, liuliu	children	1986	Іваннікова Людмила	с. Губча Старокостянтинівського р-ну Хмельницької обл. 	"Палій 
В. Д., 1912 р. н. "	ІМФЕ, ф. 14-3, од. зб. 1195, арк. 30, пл. 2. Нотація Єфремової Л. О. 	"Зап. 1986 р. Іваннікова Л. В. у с. Губча Старокостянтинівського р-ну Хмельницької обл. від Палій 
В. Д., 1912 р. н. – ІМФЕ, ф. 14-3, од. зб. 1195, арк. 30, пл. 2. Нотація Єфремової Л. О. "		woman			Kmeln_014_Liuliu, liuliu, liuliu
Kmeln_baby_015. Liuliu, liuli, liuliu.xml		Ліуліу, ліулі, ліуліу	Liuliu, liuli, liuliu	children	1986	Дмитренко Микола	с. Яхнівці Волочиського р-ну Хмельницької обл. 	Сердечна Надія Михайлівна, 1933 р. н. 	Розшифр. Єфремова Л. О. 	"Зап. 26. 07. 1986 р. Дмитренко М. К. у с. Яхнівці Волочиського р-ну Хмельницької обл. від Сердеч-
ної Надії Михайлівни, 1933 р. н. Розшифр. Єфремова Л. О. "		women			Kmeln_015_Liuliu, liuli, liuliu
Kmeln_baby_016. Liuliu, liuliu, staryi huliu.xml		Ліуліу, ліуліу, старї гуліу	Liuliu, liuliu, staryi huliu	children		Харків Володимир	"с. Вітківці Жванецького р-ну Кам’янецької окр. (нині Кам’янець-
Подільського р-ну Хмельницької обл.) "	Борчук Степан Іванович, 40 р. 	"ІМФЕ, ф.6-3, од.зб. 
77, текст – арк. 42 (33), мел. – арк. 46 (36), № 68. Чорнетка."	"Зап. 1927-1928 рр. Харків В. Й. у с. Вітківці Жванецького р-ну Кам’янецької окр. (нині Кам’янець-
Подільського р-ну Хмельницької обл.) від Борчука Степана Івановича, 40 р. – ІМФЕ, ф.6-3, од.зб. 
77, текст – арк. 42 (33), мел. – арк. 46 (36), № 68. Чорнетка."		man			Kmeln_016_Liuliu, liuliu, staryi huliu
Kmeln_baby_017. Liuliu, liuliu, liulochky.xml		Ліуліу, ліуліу, ліулочки	Liuliu, liuliu, liulochky	children		Харків Володимир	"с. Вітківці Жванецького р-ну Кам’янецької окр. (нині Кам’янець-
Подільського р-ну Хмельницької обл.). "	-	"ІМФЕ, ф.6-3, од.зб. 77, мел. – арк. 33 (24), текст – арк. 34 
(25), № 61. "	"Зап. 1927-1928 рр. Харків В. Й. у с. Вітківці Жванецького р-ну Кам’янецької окр. (нині Кам’янець-
Подільського р-ну Хмельницької обл.). – ІМФЕ, ф.6-3, од.зб. 77, мел. – арк. 33 (24), текст – арк. 34 
(25), № 61. "					Kmeln_017_Liuliu, liuliu, liulochky
Kmeln_baby_018. Hoida, hoidasha.xml		Гоіда, гоідаша	Hoida, hoidasha	children	-	Іваннікова Людмила	с. Губча Старокостянтинівського р-ну Хмельницької обл.	Іваннікова Людмила	ІМФЕ, ф. 14-3, од. зб. 1195, арк. 31, плівка 2, Нотація Єфремової Л. О. 	"Зап. Іваннікова Л. В. з с. Губча Старокостянтинівського р-ну Хмельницької обл. по пам’яті. – 
ІМФЕ, ф. 14-3, од. зб. 1195, арк. 31, плівка 2, Нотація Єфремової Л. О. На гойдалці, як гойдались, 
то приспівували. (Прим. зап.)"		women	плівка 2	"На гойдалці, як гойдались, 
то приспівували. (Прим. Зап.)"	Kmeln_018_Hoida, hoidasha
Kmeln_baby_019. Tosi, tosi.xml		Тосі, тосі	Tosi, tosi	children	1986	Іваннікова Людмила	с. Губча Старокостянтинівського р-ну Хмельницької обл. 	Палій В. Д., 1912 р. н. 	ІМФЕ, ф. 14-3, од. зб. 1195, арк. 28, плівка 2, Нотація Єфремової Л.	"Зап. 1986 р. Іваннікова Л. В. у с. Губча Старокостянтинівського р-ну Хмельницької обл. від Палій 
В. Д., 1912 р. н. – ІМФЕ, ф. 14-3, од. зб. 1195, арк. 28, плівка 2, Нотація Єфремової Л. Дитину 
вчать плескати в долоньки. (Прим. зап.)"			плівка 2	" Дитину 
вчать плескати в долоньки. (Прим. Зап.)"	Kmeln_019_Tosi, tosi
Kmeln_baby_020. Tosi, tosi.xml		Тосі, тосі	Tosi, tosi	children	1976	Експедиція ІМФЕ (Омельченко Андрiй, Рубай Галина, Довженок Галина)	"с. Ріпинці Кам’янець-
Подільського р-ну Хмельницької обл. "	Посна Г. З., Рек В. О., Манчур М. З., 1928, р. н. 	"ІМФЕ, 
ф. 14-5, од. зб. 441 (ІІ), арк. 200, пл. ф. 14-10, од. зб. 1396. Нотація Єфремової Л. О. "	"Зап. 1976 р. експ. ІМФЕ (Омельченко А. Ф., Рубай Г. Т., Довженок Г. В.) у с. Ріпинці Кам’янець-
Подільського р-ну Хмельницької обл. від Посної Г. З., Рек В. О., Манчур М. З., 1928, р. н. – ІМФЕ, 
ф. 14-5, од. зб. 441 (ІІ), арк. 200, пл. ф. 14-10, од. зб. 1396. Нотація Єфремової Л. О. "		women	пл. ф. 14-10, од. зб. 1396		Kmeln_020_Tosi, tosi
Kmeln_baby_021. Kui, kui nozhku.xml		Куі, куі ножку	Kui, kui nozhku	children	1986	Іваннікова Людмила	с. Губча Старокостянтинівського р-ну Хмельницької обл. 	"Палій 
В. Д., 1912 р. н. "	ІМФЕ, ф. 14-3, од. зб. 1195, арк. 32, плівка 2, Нотація Єфремової Л. 	"Зап. 1986 р. Іваннікова Л. В. у с. Губча Старокостянтинівського р-ну Хмельницької обл. від Палій 
В. Д., 1912 р. н. – ІМФЕ, ф. 14-3, од. зб. 1195, арк. 32, плівка 2, Нотація Єфремової Л. Приказують, 
коли обрізують дитині нігтики на ногах. (Прим. зап.)"		woman		"Приказують, 
коли обрізують дитині нігтики на ногах"	Kmeln_021_Kui, kui nozhku
Kmeln_baby_022. Pechu, pechu khlibchyk.xml		Печу, печу хлібчик	Pechu, pechu khlibchyk	children	1986	Іваннікова Людмила	с. Губча Старокостянтинівського р-ну Хмельницької обл. 	"Палій 
В. Д., 1912 р. н. "	ІМФЕ, ф. 14-3, од. зб. 1195, арк. 24, плівка 2, Нотація Єфремової Л. О.	"Зап. 1986 р. Іваннікова Л. В. у с. Губча Старокостянтинівського р-ну Хмельницької обл. від Палій 
В. Д., 1912 р. н. – ІМФЕ, ф. 14-3, од. зб. 1195, арк. 24, плівка 2, Нотація Єфремової Л. О."		woman	плівка 2		Kmeln_022_Pechu, pechu khlibchyk
Kmeln_baby_023. Kysh-mysh, horobets.xml		Киш-миш, горобец	Kysh-mysh, horobets	children	1983	Іваннікова Людмила	с. Губча Старокостянтинівського р-ну Хмельницької обл. 	"матеріь 
Іваннікової Т. В. "	ІМФЕ, ф. 14-3, од. зб. 1195, арк. 28, плівка 2, Нотація Єфремової Л. 	"Зап. 1983 р. Іваннікова Л. В. у с. Губча Старокостянтинівського р-ну Хмельницької обл. від матері, 
Іваннікової Т. В. – ІМФЕ, ф. 14-3, од. зб. 1195, арк. 28, плівка 2, Нотація Єфремової Л. "		woman	плівка 2		Kmeln_023_Kysh-mysh, horobets
Kmeln_baby_024. Kachechka letila.xml		Качечка летіла	Kachechka letila	children	1986	Іваннікова Людмила	с. Губча Старокнстянтинівського р-ну Хмельницької обл. 	"Палій 
Василина Давидівна, 1912 р. н. "	"ІМФЕ, ф. 14-3, од. зб. 1195, арк. 25, плівка 2. Нотація Єфремової 
Л. О. "	"Зап. 1986 р. Іваннікова Л. В. у с. Губча Старокнстянтинівського р-ну Хмельницької обл. від Палій 
Василини Давидівни, 1912 р. н. – ІМФЕ, ф. 14-3, од. зб. 1195, арк. 25, пл. 2. Нотація Єфремової 
Л. О. "		woman	Плівка 2		Kmeln_024_Kachechka letila
Kmeln_baby_025. Kar, kar, vorona.xml		Кар, кар, ворона	Kar, kar, vorona	children	1976	Експедиція ІМФЕ (Омельченко Андрiй, Рубай Галина, Довженок Галина)	"с. Ріпинці Кам’янець-
Подільського р-ну Хмельницької обл. "	Манчур М. З., 1928, р. н. 	"ІМФЕ, ф. 14-5, од. зб. 441 (ІІ), 
арк. 201, пл. ф. 14-10, од. зб. 1396. Нотація Єфремової Л. О. "	"Зап. 1976 р. експ. ІМФЕ (Омельченко А. Ф., Рубай Г. Т., Довженок Г. В.) у с. Ріпинці Кам’янець-
Подільського р-ну Хмельницької обл. від Манчур М. З., 1928, р. н. – ІМФЕ, ф. 14-5, од. зб. 441 (ІІ), 
арк. 201, пл. ф. 14-10, од. зб. 1396. Нотація Єфремової Л. О. Бавлять дитину, водячи пальцем по 
дитячій долоньці. (Прим. зап.)."			пл. ф. 14-10, од. зб. 1396	"Бавлять дитину, водячи пальцем по 
дитячій долоньці"	Kmeln_025_Kar, kar, vorona
Kmeln_baby_026. Siad sobi kolo mene.xml		Сіад собі коло мене	Siad sobi kolo mene	children	1986	Дмитренко Микола	с. Яхнівці Волочиського р-ну Хмельницької обл. 	"Дрозд Одарка 
Михайлівна "	Розшифр. Єфремова Л. О. 	"Зап. 1986 р. Дмитренко М. К. у с. Яхнівці Волочиського р-ну Хмельницької обл. від Дрозд Одарки 
Михайлівни. Розшифр. Єфремова Л. О. "		woman			Kmeln_026_Siad sobi kolo mene
Kmeln_baby_027. Yide, yide pan, pan.xml		Їде, їде пан, пан	Yide, yide pan, pan	children	1986	Дмитренко Микола	с. Яхнівці Волочиського р-ну Хмельницької обл. 	"Дрозд Одарка 
Михайлівна "	Розшифр. Єфремова Л. О.	"Зап. 1986 р. Дмитренко М. К. у с. Яхнівці Волочиського р-ну Хмельницької обл. від Дрозд Одарки 
Михайлівни. Розшифр. Єфремова Л. О."		woman			Kmeln_027_Yide, yide pan, pan
Kmeln_baby_028. Ta y prosyla baranchyka vivtsia.xml		Та и просила баранчика вівціа	Ta y prosyla baranchyka vivtsia	children		Харків Володимир	"с. Вітківці Жванецького р-ну Кам’янецької окр. (нині Кам’янець-
Подільського р-ну Хмельницької обл.)."	Савкун Захар Васильович 	"ІМФЕ, ф.6-3, од.зб. 77, текст – арк. 38 (29), мел. – арк. 39 
(30), № 65. Чорнетка."	"Зап. 1927-1928 рр. Харків В. Й. у с. Вітківці Жванецького р-ну Кам’янецької окр. (нині Кам’янець-
Подільського р-ну Хмельницької обл.). Співав учитель Савкун Захар Васильович. Цю пісню чув, 
коли йому було років 8. (Прим. зап.) – ІМФЕ, ф.6-3, од.зб. 77, текст – арк. 38 (29), мел. – арк. 39 
(30), № 65. Чорнетка."		man		"Савкун Захар Васильович чув пісню  
коли йому було років 8.  "	Kmeln_028_Ta y prosyla baranchyka vivtsia
Kmeln_baby_029. Shcho ty, didu, robysh.xml		Шчо ти, діду, робиш	Shcho ty, didu, robysh	children		Харків Володимир	"с. Ісаківці Жванецького р-ну Кам’янецької окр. (нині Кам’янець-
Подільського р-ну Хмельницької обл.) "	школяри	"ІМФЕ, ф.6-3, од.зб. 77, текст – арк. 113-114 
(92-93), мел. – арк. 118 (96), № 25; мел. також: ф. 6, од. зб. 158, арк. 71. "	"Зап. 1927-1928 рр. Харків В. Й. у с. Ісаківці Жванецького р-ну Кам’янецької окр. (нині Кам’янець-
Подільського р-ну Хмельницької обл.) від школярів. – ІМФЕ, ф.6-3, од.зб. 77, текст – арк. 113-114 
(92-93), мел. – арк. 118 (96), № 25; мел. також: ф. 6, од. зб. 158, арк. 71. "		children			Kmeln_029_Shcho ty, didu, robysh
Kmeln_baby_030. Stoliaryky-molodtsi.xml		Століарики-молодці	Stoliaryky-molodtsi	children	1986	Дмитренко Микола	с. Яхнівці Волочиського р-ну Хмельницької обл. 	"Сердечна
Надія Максимівна, 1933 р. н. "	Розшифр. Єфремова Л. О.	"Зап. 1986 р. Дмитренко М. К. у с. Яхнівці Волочиського р-ну Хмельницької обл. від Сердечної 
Надії Максимівни, 1933 р. н. Розшифр. Єфремова Л. О."		woman			Kmeln_030_Stoliaryky-molodtsi
Kmeln_baby_031. Vyidy, vyidy, sonechko.xml		Вїди, вїди, сонечко	Vyidy, vyidy, sonechko	children	1983	Іваннікова Людмила	с. Губча Старокнстянтинівського р-ну Хмельницької обл. 	"
Іваннікова Тетяни Варсонівна, 1939 р. н. "	"ІМФЕ, ф. 14-3, од. зб. 1195, арк. 259, пл. 2 (2). Нота-
ція Єфремової Л. О. "	"Зап. 1983 р. Іваннікова Л. В. у с. Губча Старокнстянтинівського р-ну Хмельницької обл. від матері 
Іваннікової Тетяни Володимірвни, 1939 р. н. – ІМФЕ, ф. 14-3, од. зб. 1195, арк. 259, пл. 2 (2). Нота-
ція Єфремової Л. О. "		woman			Kmeln_031_Vyidy, vyidy, sonechko
Kmeln_baby_032. Idy, idy, doshchyku.xml		Іди, іди, дошчику	Idy, idy, doshchyku	children	1983	Іваннікова Людмила	с. Губча Старокнстянтинівського р-ну Хмельницької обл. 	Іваннікова Тетяни Варсонівна, 1939 р. н. 	арк. 260. Нотація Єфремової Л. О. 	Зап. 1983 р. Іваннікова Л. В. там само від матері, арк. 260. Нотація Єфремової Л. О. 		woman			Kmeln_032_Idy, idy, doshchyku
Kmeln_baby_033. Koliad, koliad, koliadnytsia.xml		Коліад, коліад, коліадниціа	Koliad, koliad, koliadnytsia	children	1983	Іваннікова Людмила	с. Губча Старокнстянтинівського р-ну Хмельницької обл. 	Іваннікова Тетяни Варсонівна, 1939 р. н. 	ІМФЕ, ф. 14-3, од. зб. 1195, арк. 3, пл. 2. Нотація Єфремової Л. О. 	"Зап. 1983 р. Іваннікова Л. В. у с. Губча Старокнстянтинівського р-ну Хмельницької обл. від Іван-
нікової Т. В., 1939 р. н. – ІМФЕ, ф. 14-3, од. зб. 1195, арк. 3, пл. 2. Нотація Єфремової Л. О. Ми 
малими так всі колядували. (Прим. зап.)"		woman		Mалими так всі колядували 	Kmeln_033_Koliad, koliad, koliadnytsia
Kmeln_baby_034. Koliad, koliad, koliadyn.xml		Коліад, коліад, коліадин	Koliad, koliad, koliadyn	children	1983	Іваннікова Людмила	с. Губча Старокнстянтинівського р-ну Хмельницької обл. 	Іваннікова Тетяни Варсонівна, 1939 р. н. 	арк. 2, пл. 2 (2). Нотація Єфремової Л. О. 	"Зап. 1983 р. Іваннікова Л. В. там само від матері, арк. 2, пл. 2 (2). Нотація Єфремової Л. О. Якийсь 
чоловік прийшов ввечері колядувати. Я дуже сміялася з нього і запам’ятала ще малою. (Прим. зап.)"		woman		"Якийсь 
чоловік прийшов ввечері колядувати. Я дуже сміялася з нього і запам’ятала ще малою. (Примітка записувача)"	Kmeln_034_Koliad, koliad, koliadyn
Kmeln_baby_035. Shchedryk-bedryk.xml		Шчедрик-бедрик	Shchedryk-bedryk	children	1983	Іваннікова Людмила	с. Губча Старокнстянтинівського р-ну Хмельницької обл. 	Іваннікова Тетяни Варсонівна, 1939 р. н. 	арк. 1, пл. 2. Нотація Єфремової Л. О. 	"Зап. 1983 р. Іваннікова Л. В. там само від матері, арк. 1, пл. 2. Нотація Єфремової Л. О. Малі діти 
в нас так щедрували і щедрують. (Прим. зап.) "		woman		"Малі діти 
в нас так щедрували і щедрують. (Примітка записувача)"	Kmeln_035_Shchedryk-bedryk
